,Short-term MA (MA1),Short-term EMA (EMA1),Medium-term EMA (EMA2),Long-term EMA (EMA3)
0,5258.68,5258.68,5258.68,5258.68
1,5291.73,5291.73,5283.467499999999,5280.713333333333
2,5256.139999999999,5256.14,5264.548461538461,5266.671428571428
3,5357.1399999999985,5357.14,5327.04775,5314.921333333334
4,5493.309999999999,5493.31,5438.347272727274,5406.992903225807
5,5414.999999999997,5415.0,5422.761043956045,5411.06
6,5219.899999999998,5219.9,5287.458481244282,5314.7274015748035
7,5314.0999999999985,5314.1,5305.2222012195125,5314.412470588236
8,5295.689999999997,5295.69,5298.867077532771,5305.032915851272
9,5307.519999999998,5307.52,5304.63579020458,5306.277673509287
10,5238.139999999998,5238.14,5260.305013152993,5272.192193453836
11,5320.809999999997,5320.81,5300.641746951678,5296.507032967034
12,5383.199999999996,5383.2,5355.680616839008,5339.858808448297
13,5492.869999999996,5492.87,5447.140224734934,5416.3690740401635
14,5772.689999999996,5772.69,5664.173423370395,5594.53497421186
15,5829.449999999996,5829.45,5774.3578103497775,5711.994279392691
16,5775.619999999996,5775.62,5775.199270123108,5743.807382411061
17,5747.789999999996,5747.79,5756.926423327203,5745.7986988018
18,5846.339999999997,5846.34,5816.535474493688,5796.069445284739
19,5987.289999999997,5987.29,5930.371824863878,5891.679813823523
20,6209.179999999998,6209.18,6116.243941639062,6050.429982609741
21,6373.329999999998,6373.33,6287.634647218482,6211.880029797562
22,7076.219999999999,7076.22,6813.358215745077,6644.050066417463
23,6967.309999999999,6967.31,6915.9927385820565,6805.6800428426295
24,7790.709999999998,7790.71,7499.13757952804,7298.195036099406
25,7947.559999999999,7947.56,7798.085859842798,7622.8775228878485
26,8169.869999999998,8169.87,8045.941953280965,7896.37376348163
27,7866.589999999999,7866.59,7926.373984426983,7881.4818816853385
28,7355.259999999998,7355.26,7545.631328142323,7618.370940352587
29,7257.449999999999,7257.45,7353.510442714106,7437.910470008226
30,8148.479999999999,8148.48,7883.490147571369,7793.195235169555
31,7938.149999999998,7938.15,7919.930049190457,7865.672617601653
32,7904.869999999997,7904.87,7909.89001639682,7885.271308803108
33,7628.429999999998,7628.43,7722.2500054656075,7756.850654394078
34,7851.509999999998,7851.51,7808.423335155203,7804.180327198417
35,7964.869999999997,7964.87,7912.721111718401,7884.525163600378
36,8025.409999999997,8025.41,7987.847037239467,7954.967581800702
37,8614.429999999997,8614.43,8405.569012413156,8284.69879090155
38,8756.319999999996,8756.32,8639.40300413772,8520.509395451205
39,8715.639999999996,8715.64,8690.227668045905,8618.074697725691
40,8645.679999999997,8645.68,8660.529222681967,8631.877348862852
41,8269.539999999997,8269.54,8399.86974089399,8450.708674431386
42,8554.999999999996,8555.0,8503.28991363133,8502.854337215698
43,8544.069999999996,8544.07,8530.47663787711,8523.46216860785
44,8725.979999999996,8725.98,8660.812212625702,8624.721084303928
45,8115.819999999996,8115.82,8297.484070875233,8370.270542151959
46,7687.029999999995,7687.03,7890.514690291744,8028.650271075977
47,7776.499999999995,7776.5,7814.504896763915,7902.575135537988
48,7786.699999999995,7786.7,7795.968298921304,7844.637567768993
49,7980.529999999996,7980.53,7919.0094329737685,7912.583783884496
50,7893.619999999996,7893.62,7902.083144324589,7903.101891942248
51,7628.1299999999965,7628.13,7719.447714774863,7765.615945971123
52,7982.749999999997,7982.75,7894.98257159162,7874.182972985562
53,7884.899999999998,7884.9,7888.260857197206,7879.541486492781
54,8127.639999999998,8127.64,8047.846952399069,8003.59074324639
55,8218.539999999997,8218.54,8161.642317466357,8111.0653716231955
56,8649.999999999996,8650.0,8487.214105822119,8380.532685811599
57,8808.699999999997,8808.7,8701.53803527404,8594.6163429058
58,8953.329999999998,8953.33,8869.399345091346,8773.9731714529
59,9313.959999999997,9313.96,9165.773115030448,9043.96658572645
60,9081.549999999996,9081.55,9109.624371676815,9062.758292863226
61,9255.489999999994,9255.49,9206.86812389227,9159.124146431612
62,9517.119999999994,9517.12,9413.70270796409,9338.122073215807
63,10159.859999999995,10159.86,9911.140902654697,9748.991036607904
64,10729.499999999993,10729.5,10456.713634218233,10239.245518303953
65,10906.069999999992,10906.07,10756.284544739412,10572.657759151976
66,11056.589999999993,11056.59,10956.488181579805,10814.62387957599
67,11820.859999999993,11820.86,11532.736060526602,11317.741939787995
68,13093.799999999992,13093.8,12573.445353508867,12205.770969893998
69,11329.989999999994,11329.99,11744.475117836288,11767.880484947
70,12400.629999999996,12400.63,12181.91170594543,12084.2552424735
71,11903.129999999996,11903.13,11996.057235315142,11993.69262123675
72,10854.099999999997,10854.1,11234.752411771713,11423.896310618376
73,10624.929999999998,10624.93,10828.204137257237,11024.413155309188
74,10842.849999999999,10842.85,10837.968045752414,10933.631577654594
75,11939.999999999998,11940.0,11572.656015250805,11436.815788827298
76,11145.669999999998,11145.67,11287.998671750269,11291.242894413648
77,10970.729999999998,10970.73,11076.486223916756,11130.986447206824
78,11256.489999999998,11256.49,11196.488741305584,11193.738223603412
79,11406.239999999996,11406.24,11336.322913768527,11299.989111801706
80,12238.599999999997,12238.6,11937.840971256175,11769.294555900853
81,12543.409999999994,12543.41,12341.553657085393,12156.352277950427
82,12108.369999999995,12108.37,12186.097885695131,12132.361138975215
83,11342.889999999994,11342.89,11623.95929523171,11737.625569487607
84,11757.219999999994,11757.22,11712.799765077236,11747.422784743803
85,11355.759999999997,11355.76,11474.773255025744,11551.591392371902
86,10174.179999999995,10174.18,10607.711085008581,10862.885696185951
87,10838.719999999994,10838.72,10761.717028336194,10850.802848092975
88,9439.589999999995,9439.59,9880.299009445398,10145.196424046488
89,9667.919999999995,9667.92,9738.713003148465,9906.558212023243
90,10627.159999999994,10627.16,10331.011001049488,10266.859106011621
91,10504.289999999997,10504.29,10446.530333683164,10385.574553005812
92,10740.229999999996,10740.23,10642.33011122772,10562.902276502906
93,10589.449999999997,10589.45,10607.076703742574,10576.176138251452
94,10340.309999999994,10340.31,10429.232234580857,10458.243069125725
95,9864.909999999994,9864.91,10053.017411526953,10161.576534562862
96,9763.279999999995,9763.28,9859.85913717565,9962.428267281432
97,9879.869999999994,9879.87,9873.199712391885,9921.149133640716
98,9823.999999999995,9824.0,9840.399904130629,9872.574566820358
99,9476.519999999997,9476.52,9597.813301376877,9674.547283410178
100,9541.539999999997,9541.54,9560.297767125625,9608.04364170509
101,9507.639999999996,9507.64,9525.192589041873,9557.841820852544
102,9574.209999999995,9574.21,9557.870863013957,9566.025910426271
103,10080.529999999999,10080.53,9906.310287671318,9823.277955213136
104,10374.989999999996,10374.99,10218.763429223773,10099.133977606569
105,10523.749999999998,10523.75,10422.087809741257,10311.441988803284
106,10816.86,10816.86,10685.269269913753,10564.150994401643
107,10929.23,10929.23,10847.909756637919,10746.690497200821
108,11828.8,11828.8,11501.836585545972,11287.745248600411
109,11481.689999999999,11481.69,11488.405528515324,11384.717624300207
110,11975.03,11975.03,11812.821842838443,11679.873812150105
111,11999.770000000002,11999.77,11937.453947612814,11839.821906075053
112,11879.990000000002,11879.99,11899.144649204272,11859.905953037527
113,11309.310000000003,11309.31,11505.921549734756,11584.607976518764
114,11549.970000000003,11549.97,11535.287183244918,11567.28898825938
115,11396.080000000004,11396.08,11442.482394414974,11481.684494129691
116,10892.710000000001,10892.71,11075.967464804991,11187.197247064845
117,10050.370000000003,10050.37,10392.235821601664,10618.783623532423
118,10293.930000000002,10293.93,10326.698607200555,10456.35681176621
119,10331.54,10331.54,10329.926202400186,10393.948405883106
120,10216.02,10216.02,10253.988734133396,10304.984202941552
121,10306.780000000002,10306.78,10289.182911377799,10305.882101470776
122,10915.540000000003,10915.54,10706.7543037926,10610.711050735388
123,10760.510000000002,10760.51,10742.591434597534,10685.610525367694
124,10142.570000000002,10142.57,10342.577144865843,10414.090262683847
125,10099.880000000001,10099.88,10180.779048288614,10256.985131341924
126,10389.550000000001,10389.55,10319.95968276287,10323.267565670962
127,10134.350000000002,10134.35,10196.219894254291,10228.80878283548
128,10142.69,10142.69,10160.533298084765,10185.74939141774
129,10372.250000000002,10372.25,10301.677766028255,10278.99969570887
130,10185.050000000003,10185.05,10223.925922009417,10232.024847854434
131,9721.000000000004,9721.0,9888.64197400314,9976.512423927217
132,9498.440000000002,9498.44,9628.507324667713,9737.476211963609
133,9584.540000000003,9584.54,9599.195774889238,9661.008105981804
134,9587.470000000001,9587.47,9591.378591629746,9624.239052990903
135,9724.980000000001,9724.98,9680.446197209914,9674.609526495451
136,10340.000000000004,10340.0,10120.148732403306,10007.304763247725
137,10615.280000000006,10615.28,10450.236244134436,10311.292381623862
138,10567.020000000006,10567.02,10528.092081378147,10439.156190811931
139,10564.490000000005,10564.49,10552.357360459382,10501.823095405965
140,10298.730000000005,10298.73,10383.272453486461,10400.276547702982
141,10455.880000000005,10455.88,10431.677484495487,10428.07827385149
142,10381.180000000006,10381.18,10398.012494831828,10404.629136925745
143,10303.120000000006,10303.12,10334.75083161061,10353.874568462874
144,10098.150000000003,10098.15,10177.016943870203,10226.012284231438
145,10158.330000000004,10158.33,10164.558981290067,10192.17114211572
146,10415.010000000004,10415.01,10331.52632709669,10303.590571057859
147,10342.060000000003,10342.06,10338.548775698897,10322.825285528928
148,10335.020000000002,10335.02,10336.196258566299,10328.922642764464
149,10302.010000000002,10302.01,10313.4054195221,10315.466321382231
150,10251.31,10251.31,10272.008473174033,10283.388160691116
151,10187.819999999998,10187.82,10215.882824391345,10235.604080345558
152,10156.989999999998,10156.99,10176.620941463781,10196.29704017278
153,10244.289999999999,10244.29,10221.733647154595,10220.29352008639
154,10168.589999999997,10168.59,10186.30454905153,10194.441760043195
155,9986.389999999996,9986.39,10053.028183017175,10090.415880021597
156,10028.869999999995,10028.87,10036.922727672392,10059.642940010799
157,9702.249999999995,9702.25,9813.807575890796,9880.9464700054
158,8493.139999999992,8493.14,8933.36252529693,9187.0432350027
159,8430.049999999992,8430.05,8597.820841765642,8808.54661750135
160,8063.729999999992,8063.73,8241.760280588547,8436.138308750675
161,8177.909999999993,8177.91,8199.193426862848,8307.024154375336
162,8198.809999999992,8198.81,8198.937808954282,8252.917077187667
163,8043.819999999992,8043.82,8095.525936318093,8148.368538593833
164,8289.339999999993,8289.34,8224.735312106031,8218.854269296917
165,8292.439999999991,8292.44,8269.871770702011,8255.647134648458
166,8359.93999999999,8359.94,8329.917256900671,8307.793567324228
167,8223.959999999986,8223.96,8259.279085633556,8265.876783662114
168,8137.1299999999865,8137.13,8177.846361877852,8201.503391831056
169,8126.189999999985,8126.19,8143.4087872926175,8163.8466959155285
170,7854.2499999999845,7854.25,7950.636262430872,8009.048347957764
171,8190.089999999986,8190.09,8110.2720874769575,8099.569173978882
172,8168.389999999985,8168.39,8149.017362492319,8133.979586989441
173,8560.739999999983,8560.74,8423.499120830773,8347.359793494721
174,8558.029999999982,8558.03,8513.186373610259,8452.694896747362
175,8258.499999999984,8258.5,8343.395457870087,8355.59744837368
176,8300.089999999982,8300.09,8314.525152623362,8327.843724186841
177,8275.009999999984,8275.01,8288.181717541122,8301.42686209342
178,8348.199999999984,8348.2,8328.19390584704,8324.81343104671
179,8159.289999999983,8159.29,8215.591301949013,8242.051715523356
180,7991.7399999999825,7991.74,8066.357100649671,8116.895857761678
181,8070.579999999982,8070.58,8069.172366883224,8093.737928880839
182,7947.009999999982,7947.01,7987.730788961075,8020.3739644404195
183,7948.009999999982,7948.01,7961.250262987025,7984.19198222021
184,8223.349999999982,8223.35,8135.983420995675,8103.770991110105
185,8197.26999999998,8197.27,8176.841140331892,8150.520495555053
186,8019.99999999998,8020.0,8072.280380110631,8085.260247777526
187,7466.619999999981,7466.62,7668.506793370211,7775.940123888763
188,7412.409999999981,7412.41,7497.775597790071,7594.175061944381
189,8655.019999999982,8655.02,8269.271865930024,8124.597530972191
190,9229.999999999982,9230.0,8909.75728864334,8677.298765486095
191,9529.929999999982,9529.93,9323.205762881114,9103.614382743048
192,9205.139999999981,9205.14,9244.495254293704,9154.377191371525
193,9407.61999999998,9407.62,9353.245084764569,9280.998595685764
194,9154.719999999981,9154.72,9220.895028254856,9217.859297842882
195,9140.849999999982,9140.85,9167.531676084953,9179.354648921442
196,9231.609999999984,9231.61,9210.250558694985,9205.482324460721
197,9289.519999999982,9289.52,9263.096852898329,9247.501162230361
198,9194.709999999981,9194.71,9217.505617632776,9221.10558111518
199,9393.349999999984,9393.35,9334.735205877592,9307.22779055759
200,9308.659999999983,9308.66,9317.351735292532,9307.943895278795
201,9339.049999999985,9339.05,9331.81724509751,9323.496947639396
202,9216.199999999986,9216.2,9254.73908169917,9269.848473819698
203,8773.729999999985,8773.73,8934.066360566389,9021.789236909848
204,8809.409999999985,8809.41,8850.962120188795,8915.599618454924
205,9039.469999999983,9039.47,8976.634040062932,8977.534809227462
206,8733.269999999984,8733.27,8814.391346687646,8855.402404613731
207,8821.939999999984,8821.94,8819.423782229214,8838.671202306865
208,8777.119999999983,8777.12,8791.221260743072,8807.895601153432
209,8646.67999999998,8646.68,8694.86042024769,8727.287800576716
210,8471.729999999981,8471.73,8546.10680674923,8599.508900288358
211,8491.019999999982,8491.02,8509.38226891641,8545.26445014418
212,8502.399999999983,8502.4,8504.727422972137,8523.832225072088
213,8187.1699999999855,8187.17,8293.022474324045,8355.501112536043
214,8133.639999999987,8133.64,8186.767491441348,8244.570556268021
215,8098.009999999987,8098.01,8127.595830480449,8171.290278134011
216,7627.739999999985,7627.74,7794.3586101601495,7899.515139067005
217,7268.229999999985,7268.23,7443.6062033867165,7583.872569533502
218,7311.569999999985,7311.57,7355.582067795572,7447.721284766751
219,6903.279999999984,6903.28,7054.047355931857,7175.500642383375
220,7109.569999999984,7109.57,7091.0624519772855,7142.535321191687
221,7156.139999999985,7156.14,7134.447483992429,7149.337660595844
222,7508.519999999985,7508.52,7383.82916133081,7328.928830297922
223,7419.489999999983,7419.49,7407.603053776937,7374.209415148961
224,7739.679999999984,7739.68,7628.987684592313,7556.944707574481
225,7541.889999999985,7541.89,7570.9225615307705,7549.417353787241
226,7390.889999999984,7390.89,7450.900853843591,7470.15367689362
227,7294.279999999983,7294.28,7346.4869512811965,7382.21683844681
228,7292.709999999984,7292.71,7310.635650427066,7337.463419223404
229,7194.319999999984,7194.32,7233.0918834756885,7265.891709611702
230,7388.999999999985,7389.0,7337.030627825229,7327.445854805851
231,7527.469999999987,7527.47,7463.990209275077,7427.457927402926
232,7488.2099999999855,7488.21,7480.136736425025,7457.833963701463
233,7510.109999999985,7510.11,7500.1189121416755,7483.971981850731
234,7338.639999999986,7338.64,7392.466304047225,7411.305990925366
235,7224.129999999986,7224.13,7280.242101349075,7317.717995462683
236,7209.999999999986,7210.0,7233.414033783025,7263.858997731341
237,7198.079999999987,7198.08,7209.858011261008,7230.96949886567
238,7258.479999999987,7258.48,7242.272670420335,7244.724749432835
239,7064.049999999988,7064.05,7123.4575568067785,7154.387374716418
240,7118.589999999988,7118.59,7120.212518935593,7136.488687358209
241,6891.719999999988,6891.72,6967.884172978531,7014.104343679104
242,6623.819999999988,6623.82,6738.50805765951,6818.962171839552
243,7277.829999999987,7277.83,7098.056019219836,7048.396085919776
244,7150.2999999999865,7150.3,7132.885339739946,7099.348042959888
245,7187.829999999986,7187.83,7169.515113246649,7143.589021479944
246,7132.749999999987,7132.75,7145.005037748883,7138.169510739972
247,7501.439999999988,7501.44,7382.628345916294,7319.804755369985
248,7317.089999999988,7317.09,7338.9361153054315,7318.447377684993
249,7255.7699999999895,7255.77,7283.4920384351435,7287.108688842496
250,7204.62999999999,7204.63,7230.917346145048,7245.869344421248
251,7201.99999999999,7202.0,7211.639115381683,7223.934672210624
252,7254.739999999991,7254.74,7240.3730384605615,7239.337336105312
253,7316.13999999999,7316.14,7290.884346153521,7277.738668052656
254,7388.23999999999,7388.24,7355.788115384507,7332.989334026328
255,7245.999999999991,7246.0,7282.596038461503,7289.494667013164
256,7195.2299999999905,7195.23,7224.352012820501,7242.362333506582
257,7200.849999999991,7200.85,7208.684004273501,7221.606166753291
258,6965.70999999999,6965.71,7046.701334757833,7093.658083376646
259,7344.959999999991,7344.96,7245.540444919278,7219.309041688322
260,7354.109999999991,7354.11,7317.920148306425,7286.709520844161
261,7358.74999999999,7358.75,7345.140049435475,7322.72976042208
262,7757.999999999989,7758.0,7620.380016478492,7540.36488021104
263,8145.279999999988,8145.28,7970.313338826163,7842.8224401055195
264,8055.979999999988,8055.98,8027.424446275388,7949.4012200527595
265,7817.7599999999875,7817.76,7887.648148758463,7883.58061002638
266,8197.019999999988,8197.02,8093.896049586155,8040.30030501319
267,8020.0099999999875,8020.01,8044.638683195385,8030.155152506595
268,8184.979999999987,8184.98,8138.199561065128,8107.567576253297
269,8110.339999999987,8110.34,8119.626520355043,8108.953788126649
270,8810.009999999987,8810.01,8579.88217345168,8459.481894063325
271,8821.409999999987,8821.41,8740.900724483894,8640.445947031661
272,8720.009999999987,8720.01,8726.973574827965,8680.22797351583
273,8913.279999999986,8913.28,8851.177858275989,8796.753986757914
274,8915.959999999983,8915.96,8894.365952758662,8856.356993378957
275,8701.699999999983,8701.7,8765.92198425289,8779.02849668948
276,8642.34999999998,8642.35,8683.54066141763,8710.689248344741
277,8736.029999999982,8736.03,8718.533553805877,8723.359624172372
278,8682.359999999984,8682.36,8694.417851268627,8702.859812086186
279,8404.519999999982,8404.52,8501.152617089543,8553.689906043093
280,8438.999999999982,8439.0,8459.717539029849,8496.344953021548
281,8340.57999999998,8340.58,8380.292513009948,8418.462476510773
282,8614.99999999998,8615.0,8536.764171003315,8516.731238255386
283,8907.569999999978,8907.57,8783.968057001104,8712.150619127693
284,9374.209999999977,9374.21,9177.462685667035,9043.180309563846
285,9301.529999999977,9301.53,9260.174228555677,9172.355154781922
286,9513.209999999975,9513.21,9428.86474285189,9342.78257739096
287,9352.889999999978,9352.89,9378.214914283963,9347.83628869548
288,9384.609999999979,9384.61,9382.478304761322,9366.22314434774
289,9331.50999999998,9331.51,9348.49943492044,9348.866572173869
290,9292.239999999978,9292.24,9310.99314497348,9320.553286086935
291,9197.01999999998,9197.02,9235.011048324493,9258.786643043468
292,9612.039999999983,9612.04,9486.363682774832,9435.413321521733
293,9771.999999999982,9772.0,9676.787894258277,9603.706660760867
294,9813.729999999981,9813.73,9768.082631419426,9708.718330380434
295,9895.049999999981,9895.05,9852.727543806475,9801.884165190217
296,10151.749999999982,10151.75,10052.075847935492,9976.81708259511
297,9851.82999999998,9851.83,9918.578615978497,9914.323541297555
298,10223.079999999982,10223.08,10121.579538659498,10068.701770648779
299,10326.45999999998,10326.46,10258.166512886499,10197.580885324389
300,10229.62999999998,10229.63,10239.142170962166,10213.605442662194
301,10344.35999999998,10344.36,10309.287390320722,10278.982721331096
302,9904.71999999998,9904.72,10039.575796773574,10091.851360665547
303,9917.26999999998,9917.27,9958.038598924524,10004.560680332774
304,9705.999999999982,9706.0,9790.012866308176,9855.280340166388
305,10164.709999999981,10164.71,10039.810955436058,10009.995170083193
306,9593.789999999983,9593.79,9742.463651812019,9801.892585041598
307,9596.419999999984,9596.42,9645.101217270674,9699.156292520798
308,9677.049999999983,9677.05,9666.40040575689,9688.103146260399
309,9650.859999999982,9650.86,9656.040135252297,9669.4815731302
310,9936.39999999998,9936.4,9842.946711750765,9802.940786565101
311,9656.129999999977,9656.13,9718.402237250253,9729.53539328255
312,9315.83999999998,9315.84,9450.02741241675,9522.687696641275
313,8785.249999999982,8785.25,9006.842470805583,9153.968848320637
314,8823.209999999981,8823.21,8884.42082360186,8988.589424160318
315,8692.909999999982,8692.91,8756.74694120062,8840.74971208016
316,8523.609999999982,8523.61,8601.322313733539,8682.17985604008
317,8531.879999999983,8531.88,8555.02743791118,8607.02992802004
318,8915.239999999982,8915.24,8795.169145970392,8761.13496401002
319,8760.069999999983,8760.07,8771.769715323464,8760.60248200501
320,8750.869999999984,8750.87,8757.83657177449,8755.736241002505
321,9054.679999999984,9054.68,8955.732190591496,8905.208120501253
322,9131.879999999983,9131.88,9073.1640635305,9018.544060250626
323,8886.659999999983,8886.66,8948.828021176834,8952.602030125312
324,8033.309999999983,8033.31,8338.482673725612,8492.956015062657
325,7929.869999999982,7929.87,8066.074224575204,8211.413007531328
326,7894.559999999982,7894.56,7951.731408191736,8052.986503765664
327,7934.519999999983,7934.52,7940.257136063912,7993.753251882832
328,4799.999999999982,4800.0,5846.752378687971,6396.876625941416
329,5578.599999999982,5578.6,5667.984126229324,5987.738312970709
330,5172.059999999981,5172.06,5337.368042076442,5579.899156485355
331,5361.299999999982,5361.3,5353.3226806921475,5470.599578242678
332,5028.969999999982,5028.97,5137.087560230716,5249.784789121339
333,5312.639999999982,5312.64,5254.122520076905,5281.212394560669
334,5393.039999999982,5393.04,5346.734173358968,5337.126197280335
335,6162.369999999982,6162.37,5890.491391119656,5749.748098640168
336,6208.3599999999815,6208.36,6102.403797039886,5979.054049320084
337,6186.979999999982,6186.98,6158.787932346629,6083.017024660042
338,5816.189999999982,5816.19,5930.389310782209,5949.603512330021
339,6467.309999999982,6467.31,6288.336436927403,6208.456756165011
340,6744.719999999982,6744.72,6592.5921456424685,6476.588378082506
341,6677.429999999983,6677.43,6649.150715214157,6577.009189041253
342,6737.359999999982,6737.36,6707.956905071386,6657.184594520626
343,6359.109999999983,6359.11,6475.392301690462,6508.147297260313
344,6236.649999999984,6236.65,6316.230767230154,6372.3986486301565
345,5881.4199999999855,5881.42,6026.356922410051,6126.909324315078
346,6394.379999999985,6394.38,6271.70564080335,6260.64466215754
347,6410.439999999985,6410.44,6364.195213601117,6335.54233107877
348,6642.919999999986,6642.92,6550.011737867039,6489.231165539385
349,6794.089999999987,6794.09,6712.730579289014,6641.660582769693
350,6734.099999999988,6734.1,6726.976859763005,6687.880291384847
351,6856.989999999987,6856.99,6813.652286587669,6772.435145692423
352,6772.779999999986,6772.78,6786.404095529222,6772.607572846211
353,7329.899999999986,7329.9,7148.73469850974,7051.253786423105
354,7197.319999999987,7197.32,7181.1248995032465,7124.2868932115525
355,7361.279999999988,7361.28,7301.228299834415,7242.783446605776
356,7283.539999999989,7283.54,7289.4360999448045,7263.161723302888
357,6858.919999999988,6858.92,7002.425366648268,7061.040861651444
358,6876.829999999989,6876.83,6918.69512221609,6968.9354308257225
359,6903.789999999988,6903.79,6908.758374072029,6936.362715412861
360,6837.909999999988,6837.91,6861.526124690677,6887.13635770643
361,6868.699999999988,6868.7,6866.308708230225,6877.918178853215
362,6621.239999999988,6621.24,6702.929569410076,6749.579089426607
363,7101.939999999988,7101.94,6968.936523136691,6925.7595447133035
364,7027.549999999987,7027.55,7008.012174378898,6976.654772356652
365,7248.599999999987,7248.6,7168.4040581263,7112.627386178327
366,7120.739999999985,7120.74,7136.628019375433,7116.683693089163
367,6826.829999999985,6826.83,6930.096006458477,6971.756846544582
368,6841.369999999986,6841.37,6870.945335486159,6906.563423272291
369,7125.139999999988,7125.14,7040.408445162054,7015.851711636145
370,7482.389999999988,7482.39,7335.062815054018,7249.120855818073
371,7504.999999999988,7505.0,7448.354271684672,7377.060427909037
372,7538.669999999987,7538.67,7508.564757228224,7457.865213954518
373,7693.099999999988,7693.1,7631.588252409409,7575.482606977259
374,7774.619999999986,7774.62,7726.942750803137,7675.05130348863
375,7738.979999999986,7738.98,7734.967583601046,7707.015651744315
376,8778.569999999985,8778.57,8430.702527867015,8242.792825872157
377,8619.999999999985,8620.0,8556.900842622339,8431.39641293608
378,8826.959999999985,8826.96,8736.940280874112,8629.17820646804
379,8972.049999999985,8972.05,8893.680093624704,8800.61410323402
380,8894.159999999985,8894.16,8894.000031208234,8847.38705161701
381,8871.959999999985,8871.96,8879.306677069411,8859.673525808505
382,9021.829999999987,9021.83,8974.322225689803,8940.751762904252
383,9142.919999999986,9142.92,9086.7207418966,9041.835881452127
384,9986.399999999985,9986.4,9686.506913965533,9514.117940726064
385,9800.009999999986,9800.01,9762.175637988512,9657.063970363033
386,9539.399999999985,9539.4,9613.65854599617,9598.231985181515
387,8722.769999999984,8722.77,9019.732848665391,9160.500992590758
388,8561.519999999986,8561.52,8714.257616221797,8861.01049629538
389,8810.789999999986,8810.79,8778.6125387406,8835.90024814769
390,9309.369999999988,9309.37,9132.450846246868,9072.635124073844
391,9791.979999999987,9791.98,9572.136948748956,9432.307562036922
392,9316.419999999987,9316.42,9401.658982916319,9374.363781018461
393,9381.269999999988,9381.27,9388.066327638773,9377.816890509232
394,9680.03999999999,9680.04,9582.715442546258,9528.928445254616
395,9733.92999999999,9733.93,9683.52514751542,9631.429222627308
396,9775.529999999992,9775.53,9744.861715838473,9703.479611313654
397,9511.429999999991,9511.43,9589.240571946159,9607.454805656827
398,9068.64999999999,9068.65,9242.180190648718,9338.052402828413
399,9169.99999999999,9170.0,9194.060063549572,9254.026201414206
400,9179.14999999999,9179.15,9184.120021183191,9216.588100707104
401,8720.339999999991,8720.34,8874.933340394397,8968.464050353552
402,8900.349999999991,8900.35,8891.877780131466,8934.407025176777
403,8841.179999999991,8841.18,8858.079260043822,8887.793512588389
404,9204.069999999992,9204.07,9088.73975334794,9045.931756294194
405,9575.889999999992,9575.89,9413.506584449313,9310.910878147097
406,9427.069999999992,9427.07,9422.548861483105,9368.990439073548
407,9697.719999999994,9697.72,9605.996287161035,9533.355219536774
408,9448.269999999995,9448.27,9500.845429053677,9490.812609768387
409,10200.769999999993,10200.77,9967.461809684559,9845.791304884195
410,9518.039999999994,9518.04,9667.847269894854,9681.915652442098
411,9666.23999999999,9666.24,9666.775756631618,9674.077826221048
412,9789.059999999989,9789.06,9748.298585543873,9731.568913110525
413,9621.159999999987,9621.16,9663.539528514624,9676.364456555262
414,9666.299999999985,9666.3,9665.379842838207,9671.332228277632
415,9746.989999999987,9746.99,9719.786614279403,9709.161114138817
416,9782.009999999986,9782.01,9761.268871426468,9745.585557069408
417,9772.429999999988,9772.43,9768.709623808822,9759.007778534704
418,9884.999999999985,9885.0,9846.236541269607,9822.003889267351
419,9280.399999999987,9280.4,9469.012180423202,9551.201944633674
420,9465.129999999985,9465.13,9466.424060141066,9508.165972316838
421,9473.339999999987,9473.34,9471.034686713689,9490.752986158419
422,9342.099999999988,9342.1,9385.078228904562,9416.426493079209
423,9426.019999999988,9426.02,9412.372742968188,9421.223246539605
424,9525.589999999986,9525.59,9487.85091432273,9473.406623269802
425,9465.139999999985,9465.14,9472.710304774242,9469.2733116349
426,9386.319999999985,9386.32,9415.11676825808,9427.79665581745
427,9310.229999999985,9310.23,9345.192256086026,9369.013327908724
428,9358.949999999986,9358.95,9354.364085362009,9363.981663954362
429,9294.689999999984,9294.69,9314.581361787337,9329.335831977181
430,9685.689999999982,9685.69,9561.98712059578,9507.512915988591
431,9624.88999999998,9624.89,9603.922373531926,9566.201457994295
432,9296.48999999998,9296.49,9398.967457843975,9431.345728997148
433,9249.489999999982,9249.49,9299.315819281326,9340.417864498573
434,9162.209999999983,9162.21,9207.911939760443,9251.313932249286
435,9011.999999999985,9012.0,9077.303979920149,9131.656966124643
436,9116.349999999984,9116.35,9103.334659973383,9124.003483062323
437,9192.559999999981,9192.56,9162.818219991126,9158.281741531162
438,9138.54999999998,9138.55,9146.639406663708,9148.41587076558
439,9231.999999999982,9232.0,9203.546468887902,9190.20793538279
440,9086.539999999983,9086.54,9125.542156295967,9138.373967691396
441,9058.25999999998,9058.26,9080.68738543199,9098.316983845698
442,9135.45999999998,9135.46,9117.202461810662,9116.888491922848
443,9069.409999999982,9069.41,9085.340820603555,9093.149245961424
444,9344.199999999983,9344.2,9257.91360686785,9218.674622980712
445,9257.389999999981,9257.39,9257.564535622616,9238.032311490355
446,9436.059999999983,9436.06,9376.561511874204,9337.046155745178
447,9232.429999999984,9232.43,9280.473837291402,9284.73807787259
448,9288.339999999982,9288.34,9285.7179457638,9286.539038936295
449,9234.02999999998,9234.03,9251.259315254601,9260.284519468147
450,9302.74999999998,9302.75,9285.5864384182,9281.517259734073
451,9242.61999999998,9242.62,9256.942146139401,9262.068629867037
452,9255.849999999979,9255.85,9256.214048713135,9258.95931493352
453,9197.599999999979,9197.6,9217.138016237712,9228.279657466759
454,9133.719999999978,9133.72,9161.52600541257,9180.99982873338
455,9154.31999999998,9154.32,9156.72200180419,9167.65991436669
456,9170.27999999998,9170.28,9165.760667268063,9168.969957183344
457,9208.989999999982,9208.99,9194.580222422688,9188.979978591673
458,9160.779999999982,9160.78,9172.046740807564,9174.879989295838
459,9389.999999999984,9390.0,9317.348913602522,9282.439994647919
460,9518.159999999982,9518.16,9451.222971200841,9400.29999732396
461,9603.269999999982,9603.27,9552.587657066948,9501.78499866198
462,9537.799999999981,9537.8,9542.729219022316,9519.79249933099
463,9700.41999999998,9700.42,9647.856406340772,9610.106249665496
464,9931.53999999998,9931.54,9836.978802113592,9770.823124832748
465,11029.959999999977,11029.96,10632.29960070453,10400.391562416375
466,10906.269999999979,10906.27,10814.946533568176,10653.330781208188
467,11100.52999999998,11100.53,11005.335511189392,10876.930390604095
468,11099.60999999998,11099.61,11068.185170396464,10988.270195302048
469,11335.459999999977,11335.46,11246.368390132155,11161.865097651023
470,11801.169999999976,11801.17,11616.236130044052,11481.517548825512
471,11071.349999999975,11071.35,11252.978710014684,11276.433774412755
472,11219.809999999974,11219.81,11230.86623667156,11248.121887206376
473,11191.969999999974,11191.97,11204.935412223853,11220.045943603189
474,11744.909999999976,11744.91,11564.918470741284,11482.477971801594
475,11762.459999999974,11762.46,11696.612823580428,11622.468985900796
476,11594.229999999974,11594.23,11628.357607860142,11608.349492950398
477,11761.409999999974,11761.41,11717.059202620047,11684.879746475199
478,11681.679999999975,11681.68,11693.473067540015,11683.2798732376
479,11892.919999999976,11892.92,11826.437689180006,11788.0999366188
480,11392.079999999978,11392.08,11536.865896393336,11590.0899683094
481,11564.329999999978,11564.33,11555.17529879778,11577.209984154699
482,11779.99999999998,11780.0,11705.058432932594,11678.60499207735
483,11760.539999999979,11760.54,11742.046144310865,11719.572496038676
484,11852.39999999998,11852.4,11815.615381436955,11785.986248019337
485,11910.99999999998,11911.0,11879.205127145651,11848.493124009668
486,12281.12999999998,12281.13,12147.155042381884,12064.811562004834
487,11945.009999999978,11945.01,12012.391680793962,12004.910781002418
488,11754.589999999976,11754.59,11840.523893597987,11879.750390501209
489,11853.549999999977,11853.55,11849.207964532661,11866.650195250604
490,11531.339999999978,11531.34,11637.295988177553,11698.995097625302
491,11662.959999999977,11662.96,11654.405329392517,11680.97754881265
492,11648.129999999976,11648.13,11650.221776464174,11664.553774406326
493,11748.199999999977,11748.2,11715.540592154726,11706.376887203163
494,11318.419999999976,11318.42,11450.793530718242,11512.398443601582
495,11461.429999999977,11461.43,11457.884510239413,11486.914221800791
496,11330.379999999976,11330.38,11372.881503413138,11408.647110900394
497,11526.909999999976,11526.91,11475.56716780438,11467.778555450197
498,11465.839999999978,11465.84,11469.082389268127,11466.809277725099
499,11618.969999999976,11618.97,11569.007463089374,11542.889638862549
